<package>
	<id>com.decimation.slashes</id>
	<name>Full Package</name>
	<version>1.0</version>
	<compatibility>
		<firmware>
			<miniOS>7.0</miniOS>
		</firmware>
	</compatibility>
	<dependencies>
		<package>mobilesubstrate</package>
	</dependencies>
	<descriptionlist>
		<description>Android-like reveal animation for the NC.</description>
	</descriptionlist>
	<screenshots>
		<screenshot>
			<description>Animation</description>
			<image>slashes.jpg</image>
		</screenshot>			
	</screenshots>
	<changelog>
		<change>Repackage and reupload by Decimation</change>
	</changelog>
	<links>
		<link>
			<name>Reddit</name>
			<url>https://www.reddit.com/u/_Decimation</url>
		</link>
		
		<link>
			<name>Twitter</name>
			<url>https://twitter.com/dec1mati0n</url>
		</link>
	</links>
</package>